event_id,event_date,account_id,plan,feature,cohort_month,events,active_minutes,errors,converted
EVT-0000001,2025-03-05,ACCT-22295,free,forecast,2024-12-01,76,161.4,0,0
EVT-0000002,2026-01-10,ACCT-27676,business,alerts,2024-01-01,26,95.1,4,0
EVT-0000003,2025-05-31,ACCT-23494,free,api,2024-04-01,33,29.8,1,0
EVT-0000004,2025-04-25,ACCT-55594,enterprise,forecast,2025-02-01,39,31.8,0,0
EVT-0000005,2025-09-18,ACCT-90010,team,alerts,2024-02-01,29,51.3,2,0
EVT-0000006,2025-10-18,ACCT-23445,enterprise,export,2025-05-01,17,30.3,3,0
EVT-0000007,2025-12-27,ACCT-84393,team,export,2025-05-01,45,42.9,3,0
EVT-0000008,2026-02-24,ACCT-15042,free,dashboard,2024-05-01,9,11.1,0,0
EVT-0000009,2025-09-26,ACCT-97384,free,alerts,2025-04-01,23,21.1,0,0
EVT-0000010,2025-04-16,ACCT-84379,team,automation,2024-03-01,30,29.0,2,0
EVT-0000011,2025-02-28,ACCT-76318,enterprise,export,2025-05-01,86,310.0,3,0
EVT-0000012,2025-07-19,ACCT-11543,free,dashboard,2025-02-01,86,210.9,0,0
EVT-0000013,2025-08-15,ACCT-24955,business,export,2025-06-01,65,248.7,0,0
EVT-0000014,2025-09-22,ACCT-84927,team,automation,2024-09-01,8,9.8,0,0
EVT-0000015,2025-11-11,ACCT-40737,business,api,2024-01-01,69,66.4,5,0
EVT-0000016,2025-09-14,ACCT-80586,team,alerts,2024-01-01,40,106.4,0,0
EVT-0000017,2026-02-04,ACCT-82593,free,automation,2024-05-01,37,85.8,2,0
EVT-0000018,2025-11-24,ACCT-17081,free,export,2025-01-01,41,129.3,2,0
EVT-0000019,2025-07-25,ACCT-60416,business,api,2024-01-01,96,117.1,5,1
EVT-0000020,2025-03-28,ACCT-47720,free,dashboard,2024-09-01,38,60.1,2,0
EVT-0000021,2025-10-11,ACCT-49189,free,export,2025-06-01,0,0,0,0
EVT-0000022,2025-05-02,ACCT-81164,business,automation,2024-09-01,23,74.6,0,0
EVT-0000023,2025-12-04,ACCT-52702,business,api,2024-09-01,92,136.5,0,0
EVT-0000024,2026-01-03,ACCT-28196,business,automation,2025-06-01,87,119.2,0,0
EVT-0000025,2025-08-31,ACCT-35101,free,alerts,2025-06-01,60,89.2,0,0
EVT-0000026,2025-08-07,ACCT-35653,free,api,2025-04-01,73,136.8,1,0
EVT-0000027,2025-01-27,ACCT-75224,team,automation,2024-10-01,73,62.8,0,0
EVT-0000028,2025-01-07,ACCT-21207,enterprise,alerts,2024-01-01,56,120.2,1,0
EVT-0000029,2025-11-28,ACCT-52168,enterprise,api,2025-01-01,134,453.4,5,0
EVT-0000030,2025-11-09,ACCT-88019,business,dashboard,2025-02-01,76,173.8,3,0
EVT-0000031,2026-02-15,ACCT-71288,team,alerts,2024-03-01,0,0,0,0
EVT-0000032,2026-02-08,ACCT-56083,team,alerts,2024-09-01,52,143.5,0,0
EVT-0000033,2025-09-20,ACCT-82527,enterprise,automation,2024-06-01,64,227.7,1,0
EVT-0000034,2025-02-04,ACCT-42245,enterprise,alerts,2024-02-01,97,338.7,1,0
EVT-0000035,2025-05-08,ACCT-42759,free,dashboard,2025-03-01,39,129.1,0,0
EVT-0000036,2025-05-01,ACCT-98603,business,forecast,2024-03-01,27,62.6,0,0
EVT-0000037,2026-02-20,ACCT-90598,enterprise,api,2024-03-01,125,300.0,1,1
EVT-0000038,2025-12-26,ACCT-65894,business,export,2024-01-01,21,51.0,1,1
EVT-0000039,2025-04-01,ACCT-91099,team,export,2024-02-01,75,123.3,0,1
EVT-0000040,2025-03-21,ACCT-14990,free,automation,2024-09-01,57,114.9,3,0
EVT-0000041,2025-03-25,ACCT-25029,free,dashboard,2024-12-01,20,66.2,0,0
EVT-0000042,2025-03-19,ACCT-87821,free,api,2024-12-01,94,297.2,7,0
EVT-0000043,2025-03-05,ACCT-17369,team,api,2025-06-01,145,428.5,0,0
EVT-0000044,2025-02-01,ACCT-31087,team,alerts,2025-05-01,5,4.7,0,0
EVT-0000045,2026-02-12,ACCT-56400,free,api,2024-03-01,79,202.5,4,0
EVT-0000046,2026-01-11,ACCT-93175,business,forecast,2024-12-01,0,0,4,0
EVT-0000047,2025-12-10,ACCT-21484,enterprise,dashboard,2024-12-01,52,188.9,0,0
EVT-0000048,2025-05-06,ACCT-54707,team,api,2025-02-01,55,230.5,0,0
EVT-0000049,2025-12-21,ACCT-48281,enterprise,alerts,2024-08-01,17,55.7,0,0
EVT-0000050,2025-04-16,ACCT-58289,team,export,2024-02-01,68,245.5,2,0
EVT-0000051,2025-07-31,ACCT-49387,business,export,2025-06-01,8,20.4,4,0
EVT-0000052,2025-09-22,ACCT-88166,business,forecast,2025-01-01,18,48.0,3,0
EVT-0000053,2025-01-17,ACCT-19049,enterprise,forecast,2024-10-01,84,162.7,0,0
EVT-0000054,2025-07-15,ACCT-80473,enterprise,forecast,2025-02-01,57,176.6,0,0
EVT-0000055,2025-01-05,ACCT-29553,free,automation,2024-04-01,0,0,2,0
EVT-0000056,2025-10-02,ACCT-47170,enterprise,automation,2025-06-01,32,35.2,1,0
EVT-0000057,2025-11-14,ACCT-40803,free,dashboard,2024-12-01,56,119.8,0,0
EVT-0000058,2025-02-22,ACCT-66530,free,alerts,2024-12-01,30,52.6,1,0
EVT-0000059,2025-08-05,ACCT-69214,business,dashboard,2024-09-01,82,280.1,0,0
EVT-0000060,2025-02-04,ACCT-99432,enterprise,api,2024-11-01,76,213.4,6,0
EVT-0000061,2025-11-11,ACCT-84226,team,forecast,2024-11-01,72,287.3,1,0
EVT-0000062,2025-06-28,ACCT-80672,team,api,2025-03-01,69,85.8,6,0
EVT-0000063,2025-09-22,ACCT-44425,enterprise,alerts,2025-03-01,79,239.0,0,1
EVT-0000064,2025-12-17,ACCT-59942,free,dashboard,2024-02-01,70,215.8,1,0
EVT-0000065,2025-11-03,ACCT-23962,business,automation,2025-05-01,54,195.5,1,0
EVT-0000066,2025-12-01,ACCT-37804,free,dashboard,2024-09-01,67,256.6,0,0
EVT-0000067,2025-06-28,ACCT-74108,team,alerts,2025-03-01,62,223.7,0,0
EVT-0000068,2026-01-18,ACCT-91583,free,export,2025-02-01,43,47.1,0,0
EVT-0000069,2026-01-31,ACCT-51570,business,export,2025-06-01,9,12.9,4,0
EVT-0000070,2025-04-12,ACCT-47869,business,alerts,2024-02-01,0,0,0,0
EVT-0000071,2025-05-18,ACCT-87258,business,alerts,2024-12-01,66,270.2,0,0
EVT-0000072,2026-02-11,ACCT-89867,free,export,2024-10-01,116,286.9,0,0
EVT-0000073,2026-01-23,ACCT-74157,enterprise,api,2024-12-01,55,54.3,2,0
EVT-0000074,2025-12-04,ACCT-20216,enterprise,api,2025-06-01,0,0,1,0
EVT-0000075,2025-09-17,ACCT-59471,enterprise,alerts,2024-01-01,36,54.6,0,0
EVT-0000076,2025-10-27,ACCT-75354,enterprise,alerts,2025-05-01,54,76.3,0,0
EVT-0000077,2026-02-11,ACCT-23244,business,alerts,2025-03-01,16,51.2,0,0
EVT-0000078,2025-03-28,ACCT-85557,enterprise,api,2025-04-01,92,71.7,4,0
EVT-0000079,2025-12-14,ACCT-28867,enterprise,automation,2024-09-01,17,21.0,2,0
EVT-0000080,2025-04-23,ACCT-10804,enterprise,forecast,2024-07-01,99,376.5,3,0
EVT-0000081,2025-10-22,ACCT-25271,team,export,2025-01-01,0,0,3,0
EVT-0000082,2025-03-21,ACCT-63823,free,forecast,2024-05-01,52,53.1,0,0
EVT-0000083,2025-10-04,ACCT-73295,enterprise,api,2025-01-01,0,0,4,0
EVT-0000084,2025-04-21,ACCT-83754,free,dashboard,2025-02-01,17,29.7,4,0
EVT-0000085,2025-11-16,ACCT-97423,team,forecast,2024-06-01,0,0,3,0
EVT-0000086,2025-06-02,ACCT-68770,free,dashboard,2024-12-01,46,82.6,2,0
EVT-0000087,2025-11-08,ACCT-46309,team,forecast,2025-06-01,8,9.9,3,0
EVT-0000088,2026-01-03,ACCT-77352,business,alerts,2024-04-01,30,62.2,0,1
EVT-0000089,2025-03-12,ACCT-32325,business,dashboard,2025-02-01,59,67.1,1,0
EVT-0000090,2025-12-15,ACCT-23003,enterprise,api,2024-07-01,82,177.3,1,0
EVT-0000091,2025-05-26,ACCT-36047,business,alerts,2024-04-01,76,190.7,0,0
EVT-0000092,2026-02-03,ACCT-26883,business,forecast,2025-02-01,68,84.1,2,0
EVT-0000093,2025-10-30,ACCT-73250,business,export,2025-03-01,23,32.9,4,0
EVT-0000094,2025-03-20,ACCT-49663,team,forecast,2024-08-01,0,0,3,0
EVT-0000095,2025-07-26,ACCT-41889,team,forecast,2024-01-01,60,200.8,1,1
EVT-0000096,2025-06-20,ACCT-82972,team,export,2024-07-01,38,125.0,1,0
EVT-0000097,2025-10-09,ACCT-67929,free,api,2024-12-01,45,180.5,4,0
EVT-0000098,2025-04-17,ACCT-53515,enterprise,forecast,2025-04-01,32,22.0,4,0
EVT-0000099,2025-11-11,ACCT-72070,free,dashboard,2025-04-01,15,25.0,0,0
EVT-0000100,2026-02-04,ACCT-67852,business,forecast,2024-06-01,61,94.3,2,0
EVT-0000101,2025-01-01,ACCT-26573,enterprise,automation,2024-06-01,58,74.6,0,1
EVT-0000102,2025-01-13,ACCT-98825,free,dashboard,2024-01-01,0,0,0,0
EVT-0000103,2025-04-29,ACCT-27237,free,api,2024-09-01,0,0,0,0
EVT-0000104,2025-11-21,ACCT-56569,enterprise,export,2024-12-01,21,77.2,0,0
EVT-0000105,2026-02-05,ACCT-15978,team,automation,2024-08-01,75,85.0,0,0
EVT-0000106,2025-05-18,ACCT-31309,business,api,2025-03-01,87,66.3,4,0
EVT-0000107,2026-02-06,ACCT-54508,enterprise,alerts,2024-10-01,31,84.3,0,0
EVT-0000108,2025-03-13,ACCT-58948,free,forecast,2024-10-01,41,99.6,0,0
EVT-0000109,2025-09-06,ACCT-22906,enterprise,export,2024-08-01,34,88.4,0,0
EVT-0000110,2026-02-15,ACCT-10008,enterprise,alerts,2025-05-01,39,60.2,0,0
EVT-0000111,2025-01-17,ACCT-96543,business,dashboard,2024-09-01,90,323.2,0,0
EVT-0000112,2025-08-19,ACCT-99422,free,automation,2024-05-01,36,55.2,4,0
EVT-0000113,2025-02-07,ACCT-78209,enterprise,automation,2025-01-01,105,93.4,0,1
EVT-0000114,2025-08-24,ACCT-37657,enterprise,automation,2024-02-01,0,0,0,0
EVT-0000115,2025-04-25,ACCT-68190,business,automation,2024-04-01,103,325.0,0,0
EVT-0000116,2025-12-04,ACCT-34194,team,dashboard,2024-01-01,84,324.8,0,0
EVT-0000117,2025-04-01,ACCT-24650,team,alerts,2024-01-01,61,99.9,0,0
EVT-0000118,2025-10-15,ACCT-90154,team,alerts,2025-03-01,26,76.4,0,0
EVT-0000119,2025-12-16,ACCT-15188,free,alerts,2024-10-01,25,43.5,0,0
EVT-0000120,2025-04-25,ACCT-20814,business,automation,2024-10-01,22,73.7,0,0
EVT-0000121,2025-03-11,ACCT-72377,team,alerts,2024-09-01,49,197.8,1,0
EVT-0000122,2025-09-08,ACCT-83032,enterprise,dashboard,2025-04-01,7,9.3,4,0
EVT-0000123,2025-12-01,ACCT-68942,enterprise,export,2024-12-01,34,80.4,0,0
EVT-0000124,2026-01-05,ACCT-96032,business,export,2024-12-01,26,60.4,6,0
EVT-0000125,2025-04-03,ACCT-86317,enterprise,dashboard,2024-08-01,73,212.8,0,0
EVT-0000126,2025-09-23,ACCT-80213,team,api,2025-04-01,102,200.4,0,0
EVT-0000127,2025-08-10,ACCT-46280,free,export,2024-01-01,51,140.8,3,0
EVT-0000128,2025-03-25,ACCT-16770,team,export,2024-04-01,34,118.1,0,0
EVT-0000129,2025-02-07,ACCT-47517,business,forecast,2025-04-01,56,122.1,5,0
EVT-0000130,2025-10-05,ACCT-16537,business,export,2025-05-01,50,82.6,2,0
EVT-0000131,2025-04-03,ACCT-17188,business,forecast,2024-12-01,13,47.7,0,0
EVT-0000132,2025-06-22,ACCT-22271,team,automation,2024-09-01,17,27.8,1,0
EVT-0000133,2025-04-12,ACCT-29150,free,dashboard,2025-06-01,6,13.2,1,0
EVT-0000134,2026-02-02,ACCT-16875,enterprise,api,2024-10-01,82,257.6,1,0
EVT-0000135,2025-02-05,ACCT-11881,business,alerts,2024-01-01,50,45.1,0,0
EVT-0000136,2026-02-08,ACCT-89940,free,alerts,2025-06-01,0,0,1,0
EVT-0000137,2025-05-28,ACCT-24056,team,export,2025-05-01,86,227.6,0,0
EVT-0000138,2025-12-27,ACCT-39992,enterprise,forecast,2025-03-01,33,56.0,4,0
EVT-0000139,2025-11-05,ACCT-99730,team,automation,2024-05-01,73,228.8,0,0
EVT-0000140,2025-06-26,ACCT-71094,business,forecast,2025-03-01,17,58.8,3,0
EVT-0000141,2025-01-08,ACCT-40571,enterprise,automation,2025-02-01,113,113.8,5,1
EVT-0000142,2025-11-22,ACCT-11765,enterprise,alerts,2024-03-01,37,145.3,3,0
EVT-0000143,2025-06-23,ACCT-82719,free,export,2024-09-01,15,47.3,2,0
EVT-0000144,2025-05-02,ACCT-10456,team,api,2024-10-01,101,137.2,0,0
EVT-0000145,2025-02-17,ACCT-87808,team,alerts,2024-01-01,21,24.9,0,0
EVT-0000146,2025-11-26,ACCT-79399,enterprise,alerts,2025-04-01,64,124.5,0,0
EVT-0000147,2025-09-12,ACCT-52722,business,forecast,2025-03-01,53,187.5,0,0
EVT-0000148,2026-02-17,ACCT-85441,free,automation,2024-04-01,30,59.3,2,0
EVT-0000149,2025-03-21,ACCT-63976,enterprise,dashboard,2024-03-01,50,88.6,2,0
EVT-0000150,2026-02-02,ACCT-33687,team,api,2025-05-01,105,227.6,6,0
EVT-0000151,2026-02-14,ACCT-20932,team,dashboard,2024-07-01,0,0,0,0
EVT-0000152,2025-02-08,ACCT-84699,free,automation,2025-02-01,0,0,0,0
EVT-0000153,2025-08-27,ACCT-33965,team,export,2025-04-01,61,237.3,1,0
EVT-0000154,2025-11-30,ACCT-52474,business,automation,2024-03-01,84,187.4,2,0
EVT-0000155,2026-02-19,ACCT-16217,team,api,2025-06-01,44,74.8,9,0
EVT-0000156,2025-06-17,ACCT-79043,team,forecast,2024-04-01,15,46.6,1,0
EVT-0000157,2025-01-04,ACCT-44039,free,forecast,2024-10-01,73,163.9,0,1
EVT-0000158,2025-05-11,ACCT-18088,team,export,2024-12-01,37,90.2,0,0
EVT-0000159,2025-09-20,ACCT-55113,enterprise,export,2024-12-01,31,78.2,0,0
EVT-0000160,2025-05-24,ACCT-86012,enterprise,forecast,2025-05-01,54,161.7,2,0
EVT-0000161,2025-11-07,ACCT-59043,team,automation,2024-04-01,150,454.7,3,0
EVT-0000162,2026-02-02,ACCT-87003,team,api,2024-03-01,99,375.9,2,0
EVT-0000163,2025-11-22,ACCT-72300,free,alerts,2024-12-01,48,163.2,3,0
EVT-0000164,2025-10-18,ACCT-74095,team,automation,2025-03-01,52,75.3,0,0
EVT-0000165,2025-04-03,ACCT-54508,team,automation,2025-06-01,99,138.1,0,0
EVT-0000166,2025-06-15,ACCT-26818,free,automation,2024-08-01,65,210.1,0,0
EVT-0000167,2025-12-13,ACCT-95861,team,dashboard,2024-11-01,2,6.4,0,0
EVT-0000168,2025-07-18,ACCT-54435,free,forecast,2024-06-01,66,225.0,0,0
EVT-0000169,2025-03-07,ACCT-47412,enterprise,forecast,2024-12-01,0,0,3,0
EVT-0000170,2025-12-15,ACCT-40049,team,export,2024-05-01,14,24.9,1,0
EVT-0000171,2025-07-23,ACCT-60738,business,forecast,2024-04-01,86,215.4,0,1
EVT-0000172,2025-12-27,ACCT-41824,enterprise,api,2025-03-01,157,458.8,3,0
EVT-0000173,2025-01-22,ACCT-84868,business,export,2024-12-01,0,0,2,0
EVT-0000174,2025-05-18,ACCT-65687,business,forecast,2024-04-01,47,76.7,3,0
EVT-0000175,2025-09-27,ACCT-44267,team,forecast,2025-03-01,5,12.4,0,0
EVT-0000176,2025-05-21,ACCT-92083,business,alerts,2024-10-01,54,206.0,0,0
EVT-0000177,2025-05-02,ACCT-33741,business,automation,2024-08-01,0,0,3,0
EVT-0000178,2025-02-03,ACCT-90703,free,api,2025-01-01,0,0,2,0
EVT-0000179,2025-07-20,ACCT-52395,business,forecast,2024-10-01,7,13.3,5,0
EVT-0000180,2025-04-17,ACCT-78665,free,alerts,2024-11-01,66,56.2,1,0
EVT-0000181,2025-12-09,ACCT-58629,business,export,2025-05-01,86,71.8,2,0
EVT-0000182,2026-01-29,ACCT-15013,enterprise,api,2024-05-01,35,44.8,2,1
EVT-0000183,2025-09-05,ACCT-92954,enterprise,alerts,2024-07-01,54,95.5,3,0
EVT-0000184,2025-02-22,ACCT-18696,free,automation,2024-03-01,67,92.7,2,0
EVT-0000185,2025-07-17,ACCT-80602,enterprise,automation,2025-05-01,75,149.0,3,1
EVT-0000186,2025-04-02,ACCT-36725,free,dashboard,2024-02-01,50,90.2,1,0
EVT-0000187,2025-02-15,ACCT-57121,team,api,2025-05-01,107,267.1,5,0
EVT-0000188,2025-03-27,ACCT-44291,free,alerts,2024-05-01,15,14.7,3,0
EVT-0000189,2025-02-11,ACCT-20177,free,api,2025-05-01,14,19.7,0,0
EVT-0000190,2025-04-05,ACCT-25638,enterprise,forecast,2024-07-01,48,150.6,2,0
EVT-0000191,2025-01-16,ACCT-13921,team,automation,2024-05-01,0,0,1,0
EVT-0000192,2025-09-28,ACCT-61075,business,dashboard,2025-05-01,24,89.7,0,0
EVT-0000193,2025-02-10,ACCT-48663,team,api,2025-04-01,67,271.3,0,1
EVT-0000194,2026-02-16,ACCT-66629,team,export,2024-01-01,13,23.0,1,0
EVT-0000195,2026-01-26,ACCT-23773,business,dashboard,2025-06-01,1,1.4,0,0
EVT-0000196,2025-12-08,ACCT-63868,free,api,2024-12-01,59,215.6,3,0
EVT-0000197,2025-04-04,ACCT-39625,team,alerts,2025-06-01,10,15.6,5,0
EVT-0000198,2026-01-18,ACCT-98902,business,alerts,2024-08-01,30,42.2,0,0
EVT-0000199,2025-10-17,ACCT-36839,enterprise,alerts,2024-03-01,72,158.4,2,0
EVT-0000200,2025-12-01,ACCT-57283,free,api,2025-02-01,35,72.7,0,0
EVT-0000201,2026-02-24,ACCT-39011,enterprise,api,2025-03-01,47,140.8,3,0
EVT-0000202,2025-05-31,ACCT-62031,free,export,2024-12-01,5,0.4,3,0
EVT-0000203,2025-01-07,ACCT-95164,team,dashboard,2025-03-01,28,101.3,3,0
EVT-0000204,2025-08-17,ACCT-89831,enterprise,forecast,2024-04-01,83,116.7,1,0
EVT-0000205,2025-08-13,ACCT-95272,free,alerts,2024-02-01,63,136.3,1,0
EVT-0000206,2025-11-11,ACCT-15492,enterprise,alerts,2025-03-01,0,0,3,0
EVT-0000207,2025-07-01,ACCT-10291,business,alerts,2024-03-01,24,72.3,0,0
EVT-0000208,2025-01-29,ACCT-15368,enterprise,automation,2025-02-01,74,309.5,0,0
EVT-0000209,2025-07-26,ACCT-39827,team,alerts,2025-03-01,14,46.8,0,0
EVT-0000210,2025-02-26,ACCT-54719,team,export,2025-01-01,64,207.2,3,0
EVT-0000211,2025-12-06,ACCT-37946,team,api,2024-02-01,52,88.8,0,0
EVT-0000212,2025-11-24,ACCT-83427,enterprise,automation,2024-02-01,50,119.1,3,0
EVT-0000213,2025-06-21,ACCT-34596,team,dashboard,2024-02-01,111,161.4,0,0
EVT-0000214,2025-10-17,ACCT-98336,team,dashboard,2025-05-01,23,89.0,0,0
EVT-0000215,2026-02-01,ACCT-91024,enterprise,automation,2025-01-01,133,185.9,3,1
EVT-0000216,2025-10-12,ACCT-18274,team,api,2025-05-01,76,318.0,0,1
EVT-0000217,2025-07-06,ACCT-93712,enterprise,forecast,2024-04-01,91,180.9,0,1
EVT-0000218,2025-07-15,ACCT-12589,team,dashboard,2025-01-01,86,176.1,0,0
EVT-0000219,2025-03-27,ACCT-12881,free,dashboard,2025-06-01,27,55.6,0,0
EVT-0000220,2026-01-14,ACCT-94641,business,automation,2024-12-01,30,101.7,0,0
EVT-0000221,2025-04-20,ACCT-24148,business,forecast,2025-05-01,23,73.2,1,0
EVT-0000222,2025-08-30,ACCT-56836,business,alerts,2024-09-01,9,24.3,3,0
EVT-0000223,2025-07-24,ACCT-51035,enterprise,dashboard,2025-02-01,40,101.5,4,0
EVT-0000224,2026-02-05,ACCT-41351,enterprise,dashboard,2024-03-01,18,65.2,0,0
EVT-0000225,2025-05-12,ACCT-52205,enterprise,alerts,2024-03-01,61,80.8,0,0
EVT-0000226,2025-06-04,ACCT-13457,team,alerts,2024-02-01,0,0,3,1
EVT-0000227,2025-06-23,ACCT-72723,team,automation,2025-03-01,84,131.6,6,0
EVT-0000228,2025-07-12,ACCT-38695,business,alerts,2024-11-01,54,58.5,4,0
EVT-0000229,2026-01-05,ACCT-73410,free,export,2024-12-01,16,44.3,0,0
EVT-0000230,2025-04-07,ACCT-95099,free,dashboard,2024-12-01,56,66.4,1,0
EVT-0000231,2025-07-21,ACCT-86127,business,api,2024-11-01,90,233.3,4,0
EVT-0000232,2025-04-09,ACCT-30309,enterprise,automation,2025-04-01,145,145.0,0,0
EVT-0000233,2025-10-03,ACCT-41674,enterprise,dashboard,2024-12-01,90,175.5,0,1
EVT-0000234,2025-04-01,ACCT-84809,enterprise,forecast,2025-06-01,14,43.7,2,0
EVT-0000235,2025-08-21,ACCT-13210,team,api,2025-04-01,60,180.4,2,0
EVT-0000236,2025-06-20,ACCT-92138,business,alerts,2024-09-01,13,42.4,2,0
EVT-0000237,2025-05-24,ACCT-70615,team,api,2025-03-01,93,94.9,4,0
EVT-0000238,2026-01-23,ACCT-33006,team,alerts,2025-02-01,25,92.3,2,0
EVT-0000239,2025-06-12,ACCT-40313,enterprise,alerts,2025-03-01,28,69.2,0,0
EVT-0000240,2025-10-04,ACCT-34223,free,forecast,2024-01-01,56,62.8,2,0
EVT-0000241,2026-01-16,ACCT-83546,business,alerts,2025-06-01,40,46.5,0,0
EVT-0000242,2025-11-15,ACCT-34149,enterprise,forecast,2024-03-01,49,139.2,0,0
EVT-0000243,2025-12-11,ACCT-19940,enterprise,dashboard,2024-10-01,43,99.7,0,0
EVT-0000244,2025-12-25,ACCT-27274,business,dashboard,2024-01-01,17,14.1,0,0
EVT-0000245,2025-11-03,ACCT-26506,enterprise,alerts,2024-09-01,52,69.1,0,0
EVT-0000246,2025-07-10,ACCT-54494,team,alerts,2024-12-01,0,0,0,0
EVT-0000247,2025-11-12,ACCT-81568,team,automation,2024-12-01,51,86.5,0,0
EVT-0000248,2025-01-28,ACCT-94315,free,dashboard,2024-11-01,81,336.1,1,0
EVT-0000249,2025-05-10,ACCT-41896,enterprise,automation,2025-02-01,1,4.2,0,0
EVT-0000250,2025-06-11,ACCT-87136,team,dashboard,2025-04-01,11,26.7,0,0
EVT-0000251,2025-07-14,ACCT-26258,free,api,2025-05-01,32,105.3,3,0
EVT-0000252,2025-01-22,ACCT-63386,team,forecast,2024-07-01,42,95.4,2,0
EVT-0000253,2025-11-19,ACCT-57756,enterprise,api,2024-03-01,59,57.4,4,0
EVT-0000254,2026-02-20,ACCT-89472,business,automation,2025-05-01,0,0,0,0
EVT-0000255,2026-01-15,ACCT-76585,team,api,2025-06-01,55,69.1,0,0
EVT-0000256,2025-11-20,ACCT-77384,free,api,2024-03-01,52,179.1,3,0
EVT-0000257,2025-05-09,ACCT-20003,free,dashboard,2025-01-01,70,159.0,0,0
EVT-0000258,2025-03-12,ACCT-71904,business,alerts,2024-03-01,41,50.4,3,0
EVT-0000259,2025-10-30,ACCT-72798,free,alerts,2024-11-01,0,0,6,0
EVT-0000260,2026-01-05,ACCT-16674,business,forecast,2024-08-01,50,186.0,0,0
EVT-0000261,2026-01-13,ACCT-70493,team,automation,2025-01-01,78,311.6,2,1
EVT-0000262,2025-06-18,ACCT-96835,business,export,2024-11-01,0,0,3,0
EVT-0000263,2025-07-06,ACCT-43727,enterprise,automation,2024-11-01,108,155.9,4,0
EVT-0000264,2025-05-04,ACCT-25051,team,automation,2025-03-01,32,73.9,0,0
EVT-0000265,2025-02-11,ACCT-35367,business,dashboard,2024-06-01,33,97.5,0,0
EVT-0000266,2025-12-16,ACCT-73811,enterprise,forecast,2024-02-01,15,28.2,2,0
EVT-0000267,2025-10-09,ACCT-55974,enterprise,export,2025-05-01,78,208.2,0,0
EVT-0000268,2025-07-21,ACCT-38967,business,alerts,2024-02-01,11,17.0,4,0
EVT-0000269,2025-10-10,ACCT-61244,enterprise,automation,2025-01-01,64,234.7,0,0
EVT-0000270,2025-03-31,ACCT-40110,business,export,2024-10-01,27,19.2,2,0
EVT-0000271,2025-06-04,ACCT-61720,business,automation,2024-09-01,111,332.3,0,0
EVT-0000272,2025-05-14,ACCT-38816,free,alerts,2025-01-01,49,119.9,0,0
EVT-0000273,2025-09-20,ACCT-50149,enterprise,forecast,2024-07-01,26,37.9,2,0
EVT-0000274,2025-12-12,ACCT-33796,free,dashboard,2025-04-01,11,37.3,2,0
EVT-0000275,2025-02-27,ACCT-97590,team,dashboard,2024-03-01,37,120.1,4,0
EVT-0000276,2025-03-09,ACCT-40480,free,dashboard,2024-02-01,27,49.9,0,0
EVT-0000277,2026-01-31,ACCT-19228,free,forecast,2024-11-01,2,2.3,2,0
EVT-0000278,2025-01-05,ACCT-17686,free,dashboard,2024-02-01,105,146.3,1,0
EVT-0000279,2025-09-17,ACCT-11639,business,export,2024-08-01,31,53.6,2,0
EVT-0000280,2026-01-16,ACCT-97471,team,api,2024-09-01,88,305.9,0,0
EVT-0000281,2025-11-16,ACCT-35667,enterprise,api,2025-05-01,65,166.7,3,0
EVT-0000282,2025-09-12,ACCT-87066,enterprise,automation,2025-03-01,10,8.6,2,0
EVT-0000283,2026-02-13,ACCT-90710,free,export,2024-07-01,55,122.9,0,0
EVT-0000284,2025-02-21,ACCT-73671,team,automation,2025-02-01,86,220.3,0,0
EVT-0000285,2025-11-22,ACCT-41954,free,api,2024-08-01,0,0,8,0
EVT-0000286,2025-02-09,ACCT-87981,team,forecast,2024-10-01,12,5.4,3,0
EVT-0000287,2025-07-06,ACCT-57107,enterprise,automation,2024-01-01,22,88.9,1,0
EVT-0000288,2025-10-18,ACCT-61387,business,automation,2024-08-01,21,88.0,0,0
EVT-0000289,2025-07-30,ACCT-73898,free,api,2024-06-01,107,391.1,4,0
EVT-0000290,2025-12-28,ACCT-60463,business,export,2025-02-01,98,284.8,2,0
EVT-0000291,2025-09-30,ACCT-80630,free,forecast,2024-08-01,0,0,1,1
EVT-0000292,2025-05-09,ACCT-69555,team,export,2024-11-01,52,98.9,2,0
EVT-0000293,2026-02-14,ACCT-93894,team,api,2024-03-01,60,95.8,3,0
EVT-0000294,2025-12-21,ACCT-68643,free,export,2024-08-01,12,24.2,2,0
EVT-0000295,2025-06-13,ACCT-91163,business,api,2024-03-01,92,187.7,1,0
EVT-0000296,2025-11-28,ACCT-17230,team,alerts,2024-01-01,42,112.9,2,0
EVT-0000297,2025-03-10,ACCT-29984,enterprise,forecast,2024-02-01,0,0,4,0
EVT-0000298,2025-02-14,ACCT-43854,business,export,2025-03-01,26,67.1,0,0
EVT-0000299,2026-01-23,ACCT-21301,free,api,2024-11-01,85,276.6,2,0
EVT-0000300,2025-08-17,ACCT-82153,team,dashboard,2024-10-01,22,40.4,0,0
EVT-0000301,2026-02-22,ACCT-19567,team,forecast,2024-12-01,52,145.1,1,0
EVT-0000302,2026-01-09,ACCT-44113,business,forecast,2024-01-01,19,12.0,2,0
EVT-0000303,2025-07-10,ACCT-67985,team,alerts,2025-06-01,65,136.1,1,0
EVT-0000304,2025-05-16,ACCT-85908,free,forecast,2024-11-01,71,146.6,0,1
EVT-0000305,2025-01-14,ACCT-18820,enterprise,dashboard,2024-02-01,68,264.9,0,0
EVT-0000306,2026-01-11,ACCT-98569,team,alerts,2024-05-01,45,159.4,3,0
EVT-0000307,2025-03-11,ACCT-67611,enterprise,dashboard,2025-03-01,59,172.2,1,1
EVT-0000308,2025-03-07,ACCT-50428,free,alerts,2025-06-01,31,94.5,2,0
EVT-0000309,2025-11-01,ACCT-19715,free,alerts,2024-03-01,9,14.5,6,0
EVT-0000310,2025-08-18,ACCT-56313,free,dashboard,2025-02-01,56,48.9,1,1
EVT-0000311,2025-11-06,ACCT-60414,business,alerts,2024-04-01,77,199.1,0,0
EVT-0000312,2025-10-02,ACCT-65675,free,export,2024-08-01,16,65.6,0,1
EVT-0000313,2025-09-04,ACCT-81950,business,forecast,2025-01-01,23,95.9,0,0
EVT-0000314,2025-07-19,ACCT-81833,business,automation,2024-07-01,75,241.1,4,0
EVT-0000315,2025-11-17,ACCT-99977,team,api,2024-06-01,58,175.4,6,0
EVT-0000316,2025-06-02,ACCT-93453,business,automation,2024-01-01,81,337.4,0,0
EVT-0000317,2025-12-07,ACCT-68658,enterprise,export,2024-04-01,64,251.9,0,0
EVT-0000318,2025-05-22,ACCT-96001,free,automation,2024-05-01,101,395.5,0,0
EVT-0000319,2025-01-17,ACCT-55358,free,dashboard,2024-11-01,61,201.6,0,0
EVT-0000320,2025-05-23,ACCT-19162,enterprise,dashboard,2024-04-01,47,95.3,3,0
EVT-0000321,2025-02-12,ACCT-30291,enterprise,alerts,2024-12-01,0,0,2,0
EVT-0000322,2025-05-08,ACCT-95033,business,api,2024-07-01,110,432.9,5,0
EVT-0000323,2025-04-11,ACCT-76212,free,dashboard,2024-07-01,9,32.6,1,0
EVT-0000324,2025-05-12,ACCT-82385,free,export,2025-05-01,10,24.2,0,0
EVT-0000325,2026-01-07,ACCT-36928,enterprise,automation,2025-05-01,31,53.2,4,0
EVT-0000326,2025-11-20,ACCT-60657,free,automation,2025-03-01,30,89.3,2,1
EVT-0000327,2025-10-02,ACCT-30261,enterprise,forecast,2024-05-01,64,258.3,0,1
EVT-0000328,2025-08-05,ACCT-30248,business,automation,2025-02-01,45,160.7,3,0
EVT-0000329,2026-01-24,ACCT-12948,free,alerts,2025-06-01,33,80.1,4,0
EVT-0000330,2026-01-06,ACCT-60272,business,api,2025-06-01,52,46.8,3,0
EVT-0000331,2025-05-27,ACCT-10418,team,forecast,2024-07-01,71,114.5,2,0
EVT-0000332,2025-11-17,ACCT-76828,business,forecast,2024-12-01,82,192.4,1,0
EVT-0000333,2025-03-08,ACCT-94807,free,api,2024-10-01,13,36.7,7,0
EVT-0000334,2025-08-09,ACCT-67847,business,forecast,2025-04-01,83,264.4,1,0
EVT-0000335,2025-12-24,ACCT-84683,free,automation,2024-01-01,0,0,3,0
EVT-0000336,2025-07-02,ACCT-26147,enterprise,dashboard,2024-05-01,35,106.7,0,0
EVT-0000337,2026-02-16,ACCT-91811,enterprise,alerts,2024-06-01,40,78.6,3,0
EVT-0000338,2025-12-25,ACCT-62464,enterprise,dashboard,2024-03-01,52,103.6,2,0
EVT-0000339,2025-02-28,ACCT-32218,free,automation,2024-05-01,107,336.2,5,0
EVT-0000340,2025-10-06,ACCT-50860,free,forecast,2024-08-01,15,15.6,4,0
EVT-0000341,2025-08-29,ACCT-77343,free,forecast,2024-03-01,68,125.8,1,0
EVT-0000342,2025-04-15,ACCT-36098,business,automation,2025-01-01,36,44.1,1,0
EVT-0000343,2025-08-23,ACCT-21395,free,api,2024-02-01,87,223.1,4,0
EVT-0000344,2025-02-03,ACCT-36743,team,export,2024-11-01,55,124.4,3,0
EVT-0000345,2025-11-05,ACCT-62248,enterprise,automation,2025-04-01,32,74.3,0,0
EVT-0000346,2025-02-12,ACCT-25022,business,dashboard,2024-10-01,9,35.8,0,0
EVT-0000347,2025-03-17,ACCT-13063,enterprise,dashboard,2024-06-01,46,144.1,2,0
EVT-0000348,2025-06-30,ACCT-70360,business,forecast,2024-07-01,29,99.8,1,0
EVT-0000349,2025-02-27,ACCT-81545,business,automation,2025-03-01,109,338.2,0,0
EVT-0000350,2025-07-30,ACCT-60262,team,alerts,2024-02-01,71,86.9,0,0
EVT-0000351,2025-09-15,ACCT-79333,enterprise,export,2025-03-01,79,271.3,0,0
EVT-0000352,2025-04-06,ACCT-55643,enterprise,api,2024-11-01,15,54.8,2,0
EVT-0000353,2025-06-13,ACCT-75304,enterprise,automation,2024-05-01,79,107.1,3,0
EVT-0000354,2025-02-06,ACCT-89085,enterprise,export,2024-12-01,66,243.4,0,0
EVT-0000355,2026-01-28,ACCT-94123,enterprise,dashboard,2024-05-01,29,39.7,2,0
EVT-0000356,2025-07-10,ACCT-71355,free,forecast,2024-02-01,0,0,0,0
EVT-0000357,2025-04-16,ACCT-57685,enterprise,dashboard,2025-04-01,28,103.2,0,0
EVT-0000358,2025-08-31,ACCT-58067,free,automation,2024-04-01,40,150.3,0,0
EVT-0000359,2025-02-11,ACCT-78959,business,api,2024-04-01,15,25.0,3,0
EVT-0000360,2025-01-08,ACCT-71322,enterprise,dashboard,2024-04-01,51,59.8,0,0
EVT-0000361,2025-08-07,ACCT-41024,free,automation,2025-01-01,38,77.7,0,0
EVT-0000362,2025-04-18,ACCT-91772,business,export,2024-11-01,36,58.0,0,0
EVT-0000363,2025-10-31,ACCT-75349,enterprise,forecast,2024-04-01,0,0,0,0
EVT-0000364,2025-05-07,ACCT-88701,free,automation,2025-04-01,81,205.0,1,0
EVT-0000365,2025-06-11,ACCT-45220,team,dashboard,2025-03-01,68,81.7,1,0
EVT-0000366,2025-08-13,ACCT-40357,business,alerts,2024-03-01,24,43.3,0,0
EVT-0000367,2025-04-17,ACCT-72195,business,dashboard,2024-11-01,51,183.8,2,0
EVT-0000368,2025-11-15,ACCT-92307,team,forecast,2024-11-01,82,102.5,0,0
EVT-0000369,2025-04-23,ACCT-66993,enterprise,automation,2025-06-01,153,437.3,0,1
EVT-0000370,2025-02-12,ACCT-93363,free,forecast,2024-07-01,63,182.1,1,0
EVT-0000371,2025-10-07,ACCT-44327,enterprise,automation,2024-05-01,57,151.5,6,0
EVT-0000372,2025-11-30,ACCT-70771,enterprise,forecast,2025-05-01,113,127.7,0,0
EVT-0000373,2025-11-01,ACCT-29771,business,forecast,2025-06-01,91,84.2,0,0
EVT-0000374,2025-10-01,ACCT-88431,enterprise,export,2024-02-01,58,184.7,3,0
EVT-0000375,2025-12-22,ACCT-79543,team,alerts,2025-06-01,0,0,1,0
EVT-0000376,2025-05-31,ACCT-31841,enterprise,export,2024-06-01,72,202.3,0,1
EVT-0000377,2025-04-16,ACCT-67107,team,alerts,2024-05-01,39,73.8,0,0
EVT-0000378,2025-08-14,ACCT-50753,team,alerts,2025-06-01,36,68.6,0,0
EVT-0000379,2025-02-21,ACCT-77949,business,forecast,2025-01-01,0,0,3,0
EVT-0000380,2025-01-25,ACCT-95900,business,export,2024-06-01,12,29.4,0,0
EVT-0000381,2025-05-09,ACCT-36605,team,export,2024-02-01,40,90.3,2,0
EVT-0000382,2025-11-13,ACCT-48365,team,export,2024-06-01,86,250.9,4,0
EVT-0000383,2025-05-24,ACCT-31103,team,alerts,2024-12-01,42,101.5,0,0
EVT-0000384,2025-11-28,ACCT-98866,team,alerts,2024-12-01,42,58.8,6,0
EVT-0000385,2025-06-02,ACCT-15064,business,alerts,2025-04-01,47,94.6,0,0
EVT-0000386,2026-01-20,ACCT-75824,free,api,2024-12-01,133,335.2,2,0
EVT-0000387,2025-07-24,ACCT-86172,business,export,2025-05-01,34,55.7,0,0
EVT-0000388,2025-04-18,ACCT-43510,business,export,2025-02-01,90,123.7,1,0
EVT-0000389,2025-04-16,ACCT-56880,enterprise,alerts,2024-02-01,52,129.1,0,0
EVT-0000390,2025-01-11,ACCT-71003,enterprise,api,2024-09-01,7,9.1,2,0
EVT-0000391,2025-11-27,ACCT-92825,enterprise,alerts,2024-02-01,34,45.3,0,0
EVT-0000392,2025-03-06,ACCT-99860,free,export,2025-06-01,26,65.3,0,1
EVT-0000393,2025-12-05,ACCT-60836,business,forecast,2025-06-01,50,185.5,0,0
EVT-0000394,2025-01-19,ACCT-82547,team,dashboard,2025-03-01,72,284.7,1,0
EVT-0000395,2025-07-10,ACCT-90226,enterprise,automation,2024-02-01,48,103.4,0,0
EVT-0000396,2025-11-09,ACCT-46317,enterprise,api,2024-01-01,2,5.9,1,0
EVT-0000397,2025-10-02,ACCT-76328,free,alerts,2024-06-01,49,79.8,1,0
EVT-0000398,2025-11-06,ACCT-84430,business,forecast,2024-11-01,33,42.0,3,0
EVT-0000399,2025-10-03,ACCT-98893,team,forecast,2024-10-01,53,77.5,1,0
EVT-0000400,2025-05-30,ACCT-61027,free,dashboard,2025-02-01,66,121.8,2,0
EVT-0000401,2025-01-07,ACCT-92426,business,dashboard,2024-01-01,79,148.6,0,1
EVT-0000402,2025-03-17,ACCT-92465,team,alerts,2025-02-01,51,115.1,1,0
EVT-0000403,2025-05-19,ACCT-97180,team,api,2024-08-01,24,65.8,1,0
EVT-0000404,2026-01-11,ACCT-28608,business,alerts,2025-03-01,24,43.0,0,0
EVT-0000405,2025-01-22,ACCT-89696,business,dashboard,2024-02-01,97,122.7,0,0
EVT-0000406,2025-11-18,ACCT-59574,free,api,2024-08-01,83,293.0,2,1
EVT-0000407,2025-04-25,ACCT-40439,enterprise,automation,2024-01-01,88,356.8,0,0
EVT-0000408,2025-12-15,ACCT-62228,team,dashboard,2024-04-01,40,73.1,0,0
EVT-0000409,2025-03-15,ACCT-28660,enterprise,alerts,2024-02-01,9,15.8,1,0
EVT-0000410,2025-05-08,ACCT-14278,free,export,2025-05-01,92,104.7,1,0
EVT-0000411,2025-11-10,ACCT-22507,free,dashboard,2024-11-01,27,50.8,0,0
EVT-0000412,2026-01-15,ACCT-47706,free,forecast,2024-01-01,85,339.2,7,0
EVT-0000413,2025-07-01,ACCT-41287,team,forecast,2024-01-01,101,413.4,0,1
EVT-0000414,2025-11-03,ACCT-77451,business,api,2024-08-01,102,207.6,5,0
EVT-0000415,2025-06-01,ACCT-81380,team,automation,2025-04-01,92,79.4,2,0
EVT-0000416,2025-03-28,ACCT-91728,team,api,2024-12-01,0,0,3,0
EVT-0000417,2025-02-17,ACCT-46430,free,api,2024-02-01,100,78.3,2,0
EVT-0000418,2025-12-25,ACCT-29118,business,api,2025-01-01,13,16.8,1,0
EVT-0000419,2025-10-30,ACCT-93265,enterprise,dashboard,2024-05-01,68,99.4,3,0
EVT-0000420,2025-05-03,ACCT-74742,free,automation,2024-04-01,81,157.7,1,0
EVT-0000421,2025-04-15,ACCT-97609,free,forecast,2024-03-01,59,181.0,1,1
EVT-0000422,2025-06-10,ACCT-99015,free,dashboard,2025-06-01,21,71.7,1,0
EVT-0000423,2025-07-18,ACCT-67047,free,api,2025-06-01,51,120.3,0,0
EVT-0000424,2025-09-02,ACCT-19098,business,dashboard,2024-02-01,54,138.7,0,0
EVT-0000425,2026-01-06,ACCT-75727,enterprise,forecast,2024-06-01,0,0,0,0
EVT-0000426,2025-11-30,ACCT-21379,business,dashboard,2024-06-01,44,69.7,2,0
EVT-0000427,2025-10-06,ACCT-33965,enterprise,automation,2025-05-01,27,89.0,0,0
EVT-0000428,2025-09-01,ACCT-44765,free,api,2025-01-01,132,108.3,2,0
EVT-0000429,2026-02-19,ACCT-35035,business,automation,2024-02-01,0,0,0,0
EVT-0000430,2025-04-12,ACCT-31116,business,dashboard,2024-04-01,59,44.0,6,1
EVT-0000431,2025-03-11,ACCT-37046,free,api,2024-05-01,128,253.5,0,0
EVT-0000432,2025-08-18,ACCT-83664,business,api,2024-01-01,69,69.1,4,0
EVT-0000433,2025-10-25,ACCT-36103,enterprise,export,2024-12-01,22,34.1,0,0
EVT-0000434,2025-07-23,ACCT-69172,team,forecast,2024-02-01,57,210.4,0,0
EVT-0000435,2025-06-24,ACCT-28385,team,dashboard,2024-06-01,29,70.9,0,0
EVT-0000436,2025-12-17,ACCT-63966,business,automation,2024-01-01,79,91.1,3,0
EVT-0000437,2026-01-28,ACCT-67498,business,automation,2024-07-01,0,0,3,1
EVT-0000438,2025-05-03,ACCT-57375,enterprise,alerts,2024-12-01,63,264.4,0,0
EVT-0000439,2025-07-31,ACCT-46639,enterprise,automation,2025-04-01,18,49.5,3,0
EVT-0000440,2026-01-27,ACCT-10473,enterprise,alerts,2024-11-01,0,0,1,0
EVT-0000441,2025-08-17,ACCT-46852,free,api,2024-09-01,27,92.2,7,0
EVT-0000442,2025-12-10,ACCT-78815,enterprise,dashboard,2025-05-01,31,111.3,2,0
EVT-0000443,2025-07-24,ACCT-55121,team,automation,2024-02-01,93,81.7,5,0
EVT-0000444,2025-02-03,ACCT-48357,business,dashboard,2024-11-01,61,178.7,2,0
EVT-0000445,2025-02-11,ACCT-31016,enterprise,api,2024-04-01,103,281.9,4,0
EVT-0000446,2025-10-31,ACCT-78333,enterprise,export,2025-02-01,49,70.1,0,0
EVT-0000447,2025-03-10,ACCT-45587,team,forecast,2024-03-01,27,35.0,1,0
EVT-0000448,2025-07-11,ACCT-32141,free,automation,2024-02-01,62,233.1,3,0
EVT-0000449,2025-08-30,ACCT-92471,enterprise,automation,2025-01-01,114,396.5,0,0
EVT-0000450,2025-07-03,ACCT-51976,free,export,2024-06-01,0,0,2,0
EVT-0000451,2025-09-11,ACCT-96264,team,forecast,2024-02-01,47,79.3,0,0
EVT-0000452,2025-11-22,ACCT-19407,business,alerts,2024-01-01,0,0,0,0
EVT-0000453,2025-04-20,ACCT-61780,free,export,2024-07-01,15,23.3,0,0
EVT-0000454,2025-02-15,ACCT-86623,team,export,2025-03-01,62,189.2,0,0
EVT-0000455,2026-02-20,ACCT-37251,team,automation,2024-06-01,102,339.8,2,0
EVT-0000456,2025-07-19,ACCT-25695,enterprise,forecast,2024-05-01,40,68.9,2,0
EVT-0000457,2025-02-08,ACCT-80596,free,forecast,2024-02-01,0,0,0,0
EVT-0000458,2025-05-31,ACCT-17461,team,automation,2025-03-01,61,247.0,2,0
EVT-0000459,2025-04-16,ACCT-15014,team,forecast,2024-03-01,72,287.2,1,0
EVT-0000460,2025-10-29,ACCT-32179,enterprise,forecast,2025-04-01,70,212.4,0,0
EVT-0000461,2025-04-11,ACCT-88759,business,api,2025-05-01,139,383.9,1,0
EVT-0000462,2025-04-29,ACCT-98702,business,dashboard,2024-09-01,61,172.7,0,0
EVT-0000463,2025-07-02,ACCT-53812,team,export,2025-02-01,55,75.6,0,0
EVT-0000464,2025-02-26,ACCT-78316,enterprise,api,2024-10-01,92,295.8,3,0
EVT-0000465,2025-05-13,ACCT-98477,business,alerts,2025-06-01,22,44.0,0,0
EVT-0000466,2025-01-16,ACCT-46217,team,automation,2025-06-01,24,40.7,7,0
EVT-0000467,2025-02-16,ACCT-24710,enterprise,dashboard,2024-01-01,0,0,2,0
EVT-0000468,2026-02-03,ACCT-59315,team,dashboard,2024-12-01,121,292.0,3,1
EVT-0000469,2025-06-30,ACCT-45658,business,automation,2025-05-01,57,124.4,0,0
EVT-0000470,2025-03-03,ACCT-61848,enterprise,dashboard,2025-04-01,60,98.2,0,0
EVT-0000471,2025-10-06,ACCT-53727,enterprise,forecast,2024-01-01,44,128.6,3,0
EVT-0000472,2026-01-29,ACCT-98394,team,api,2024-02-01,80,319.2,5,0
EVT-0000473,2026-01-22,ACCT-67452,business,automation,2024-12-01,120,456.3,2,0
EVT-0000474,2025-02-25,ACCT-33039,free,api,2025-05-01,12,33.8,3,0
EVT-0000475,2026-01-20,ACCT-45967,business,automation,2025-02-01,65,250.3,1,0
EVT-0000476,2025-03-05,ACCT-18276,enterprise,forecast,2025-04-01,57,89.4,1,0
EVT-0000477,2025-11-08,ACCT-22783,enterprise,alerts,2024-10-01,28,37.6,2,0
EVT-0000478,2026-02-08,ACCT-51157,enterprise,api,2025-03-01,108,162.2,2,0
EVT-0000479,2025-06-28,ACCT-64999,free,export,2024-11-01,21,42.3,0,0
EVT-0000480,2025-12-01,ACCT-90538,enterprise,api,2024-09-01,8,18.1,5,0
EVT-0000481,2025-08-06,ACCT-29805,enterprise,forecast,2024-03-01,48,93.0,1,0
EVT-0000482,2025-06-18,ACCT-27107,business,api,2024-02-01,49,71.7,4,0
EVT-0000483,2026-02-20,ACCT-92719,enterprise,export,2024-07-01,35,57.5,1,0
EVT-0000484,2025-11-22,ACCT-36738,team,dashboard,2024-08-01,44,33.3,1,0
EVT-0000485,2025-06-03,ACCT-18423,team,automation,2024-01-01,117,275.7,5,0
EVT-0000486,2025-09-30,ACCT-91699,business,forecast,2024-10-01,7,27.7,0,0
EVT-0000487,2025-03-27,ACCT-26433,enterprise,alerts,2024-01-01,10,27.9,1,0
EVT-0000488,2025-09-12,ACCT-56423,free,export,2025-06-01,62,221.6,1,0
EVT-0000489,2025-04-01,ACCT-90060,business,api,2025-04-01,44,92.4,5,1
EVT-0000490,2025-07-12,ACCT-29604,enterprise,dashboard,2024-04-01,16,65.3,0,0
EVT-0000491,2025-06-27,ACCT-53123,business,export,2024-08-01,52,163.7,0,0
EVT-0000492,2025-05-08,ACCT-35439,enterprise,export,2025-02-01,53,155.2,2,0
EVT-0000493,2025-10-21,ACCT-63222,enterprise,export,2024-04-01,9,18.8,0,0
EVT-0000494,2025-06-04,ACCT-72858,enterprise,forecast,2024-09-01,48,151.3,1,0
EVT-0000495,2025-07-22,ACCT-97566,business,forecast,2024-11-01,55,80.0,0,0
EVT-0000496,2025-10-19,ACCT-25483,team,api,2025-01-01,76,105.1,1,0
EVT-0000497,2025-10-13,ACCT-12938,business,automation,2025-05-01,53,203.9,0,0
EVT-0000498,2025-11-27,ACCT-93513,enterprise,alerts,2025-03-01,19,54.4,0,0
EVT-0000499,2026-02-13,ACCT-69125,business,alerts,2025-01-01,29,50.5,0,0
EVT-0000500,2025-03-30,ACCT-35335,enterprise,alerts,2025-01-01,12,7.4,4,0
EVT-0000501,2025-06-09,ACCT-52330,free,api,2024-04-01,153,227.4,2,0
EVT-0000502,2025-02-18,ACCT-13256,enterprise,alerts,2024-12-01,55,159.5,3,0
EVT-0000503,2025-01-20,ACCT-92735,business,automation,2025-03-01,68,120.2,1,0
EVT-0000504,2025-10-14,ACCT-85936,team,export,2024-04-01,39,60.2,0,0
EVT-0000505,2025-05-03,ACCT-26622,free,export,2024-07-01,43,139.3,0,0
EVT-0000506,2025-08-25,ACCT-37009,business,automation,2024-02-01,34,33.5,1,0
EVT-0000507,2025-08-20,ACCT-29809,business,forecast,2024-11-01,20,74.1,0,0
EVT-0000508,2025-08-15,ACCT-76266,team,api,2024-11-01,99,201.9,3,1
EVT-0000509,2025-10-28,ACCT-75819,free,api,2024-04-01,0,0,5,0
EVT-0000510,2025-08-06,ACCT-82534,enterprise,dashboard,2024-12-01,0,0,0,0
EVT-0000511,2025-10-14,ACCT-29230,enterprise,forecast,2024-09-01,7,9.0,1,0
EVT-0000512,2026-01-02,ACCT-65801,free,forecast,2025-04-01,45,162.2,0,0
EVT-0000513,2025-04-29,ACCT-70252,team,dashboard,2024-05-01,2,0.9,1,0
EVT-0000514,2025-09-06,ACCT-10444,business,api,2024-12-01,41,83.1,5,0
EVT-0000515,2025-08-18,ACCT-52274,business,automation,2024-05-01,54,50.9,1,0
EVT-0000516,2025-05-22,ACCT-41087,free,automation,2024-07-01,3,3.6,0,0
EVT-0000517,2025-10-29,ACCT-79492,free,api,2025-04-01,11,0,7,0
EVT-0000518,2025-08-18,ACCT-51982,team,export,2024-06-01,18,32.9,0,0
EVT-0000519,2025-05-07,ACCT-71049,free,api,2024-03-01,2,0,4,0
EVT-0000520,2025-10-16,ACCT-93989,free,alerts,2024-02-01,5,20.3,0,0
EVT-0000521,2026-02-09,ACCT-28039,enterprise,export,2024-10-01,62,222.7,0,0
EVT-0000522,2025-05-10,ACCT-48095,business,api,2024-06-01,61,56.1,5,0
EVT-0000523,2025-01-20,ACCT-95055,team,dashboard,2024-04-01,0,0,0,0
EVT-0000524,2025-08-07,ACCT-68619,business,api,2025-05-01,50,168.9,0,0
EVT-0000525,2025-08-10,ACCT-83666,free,alerts,2025-06-01,54,59.9,2,0
EVT-0000526,2025-04-25,ACCT-26082,free,automation,2024-05-01,65,183.6,1,0
EVT-0000527,2025-09-15,ACCT-42643,business,automation,2025-05-01,64,174.0,1,0
EVT-0000528,2025-02-05,ACCT-44732,free,api,2025-02-01,164,300.4,3,0
EVT-0000529,2025-11-14,ACCT-38579,enterprise,alerts,2024-10-01,26,29.4,1,0
EVT-0000530,2025-04-20,ACCT-93065,enterprise,export,2024-04-01,44,163.0,3,0
EVT-0000531,2025-11-05,ACCT-66705,enterprise,api,2024-09-01,31,61.9,4,0
EVT-0000532,2025-04-04,ACCT-85281,business,automation,2024-05-01,56,172.3,0,0
EVT-0000533,2025-11-02,ACCT-33684,enterprise,alerts,2024-07-01,27,25.0,4,0
EVT-0000534,2025-06-10,ACCT-54340,business,forecast,2024-07-01,0,0,0,0
EVT-0000535,2025-06-20,ACCT-20698,free,export,2024-03-01,23,59.9,3,0
EVT-0000536,2025-03-04,ACCT-18412,team,export,2024-08-01,67,224.1,3,0
EVT-0000537,2025-05-29,ACCT-93135,business,export,2024-01-01,64,203.8,0,0
EVT-0000538,2025-02-20,ACCT-28815,team,alerts,2024-09-01,32,117.9,0,0
EVT-0000539,2025-12-27,ACCT-50153,business,alerts,2024-05-01,93,353.6,0,1
EVT-0000540,2025-08-05,ACCT-64739,free,api,2025-04-01,22,54.4,1,0
EVT-0000541,2025-06-04,ACCT-88760,team,forecast,2024-05-01,77,318.5,0,0
EVT-0000542,2026-02-06,ACCT-92764,free,forecast,2025-01-01,5,16.4,0,0
EVT-0000543,2026-02-21,ACCT-21100,team,alerts,2024-03-01,14,10.3,1,0
EVT-0000544,2025-01-14,ACCT-30643,enterprise,export,2024-12-01,36,116.4,0,0
EVT-0000545,2025-03-01,ACCT-37821,free,forecast,2024-07-01,33,27.3,0,0
EVT-0000546,2025-10-30,ACCT-13285,free,api,2025-02-01,154,589.0,7,0
EVT-0000547,2025-06-01,ACCT-75540,enterprise,automation,2024-11-01,27,103.1,0,0
EVT-0000548,2025-03-12,ACCT-92938,free,alerts,2025-04-01,56,32.6,7,0
EVT-0000549,2026-01-26,ACCT-70383,free,automation,2025-03-01,52,142.9,0,0
EVT-0000550,2026-02-17,ACCT-49230,team,alerts,2024-06-01,57,190.0,3,0
EVT-0000551,2025-05-27,ACCT-33538,enterprise,api,2024-11-01,51,77.4,0,0
EVT-0000552,2025-09-10,ACCT-36397,team,export,2024-10-01,48,80.3,0,0
EVT-0000553,2025-10-03,ACCT-89845,enterprise,forecast,2025-02-01,69,132.5,4,0
EVT-0000554,2025-04-30,ACCT-37258,enterprise,forecast,2024-10-01,78,118.9,3,0
EVT-0000555,2025-07-29,ACCT-64728,team,forecast,2024-01-01,70,113.7,0,0
EVT-0000556,2025-07-30,ACCT-68676,team,export,2025-02-01,56,129.1,3,0
EVT-0000557,2025-11-18,ACCT-94201,enterprise,alerts,2025-06-01,24,37.8,0,0
EVT-0000558,2025-04-13,ACCT-76666,enterprise,alerts,2024-11-01,38,140.2,0,0
EVT-0000559,2025-10-26,ACCT-31393,free,export,2024-05-01,41,95.0,3,0
EVT-0000560,2025-02-28,ACCT-38904,business,export,2025-05-01,67,242.4,0,0
EVT-0000561,2025-10-18,ACCT-40620,team,automation,2024-01-01,47,75.2,4,0
EVT-0000562,2025-05-12,ACCT-42259,free,forecast,2024-06-01,38,63.8,1,0
EVT-0000563,2025-03-20,ACCT-12615,free,forecast,2024-02-01,66,181.9,1,0
EVT-0000564,2026-01-02,ACCT-58212,business,alerts,2024-07-01,22,85.2,0,0
EVT-0000565,2026-02-07,ACCT-43360,enterprise,automation,2025-05-01,85,245.1,0,0
EVT-0000566,2025-09-28,ACCT-37029,enterprise,alerts,2024-03-01,58,176.6,7,0
EVT-0000567,2026-01-08,ACCT-53009,business,api,2024-06-01,11,4.4,8,0
EVT-0000568,2025-05-13,ACCT-41444,business,dashboard,2024-12-01,0,0,0,0
EVT-0000569,2026-02-24,ACCT-12918,team,api,2025-03-01,62,121.3,5,0
EVT-0000570,2025-11-01,ACCT-35967,enterprise,alerts,2025-03-01,46,30.6,6,0
EVT-0000571,2025-01-31,ACCT-84398,enterprise,alerts,2024-04-01,106,388.0,0,0
EVT-0000572,2025-09-11,ACCT-97708,free,export,2024-08-01,70,254.7,0,0
EVT-0000573,2025-06-27,ACCT-25691,enterprise,api,2025-01-01,53,163.1,4,0
EVT-0000574,2026-01-18,ACCT-10692,enterprise,alerts,2024-06-01,24,31.7,5,1
EVT-0000575,2025-07-14,ACCT-24121,team,export,2024-02-01,79,260.3,2,0
EVT-0000576,2025-05-31,ACCT-53268,business,dashboard,2025-02-01,15,18.9,6,0
EVT-0000577,2025-01-19,ACCT-10229,free,alerts,2025-01-01,36,148.2,0,0
EVT-0000578,2026-01-21,ACCT-38231,enterprise,export,2024-09-01,39,52.1,0,0
EVT-0000579,2025-03-15,ACCT-29773,free,alerts,2024-09-01,61,85.1,1,1
EVT-0000580,2025-06-21,ACCT-68262,business,forecast,2025-04-01,70,287.2,0,0
EVT-0000581,2025-09-02,ACCT-38845,free,automation,2025-04-01,0,0,0,0
EVT-0000582,2025-05-29,ACCT-15321,team,export,2025-04-01,59,49.8,0,0
EVT-0000583,2025-03-18,ACCT-40709,business,api,2025-03-01,52,43.3,1,0
EVT-0000584,2025-03-18,ACCT-56681,free,api,2025-05-01,0,0,1,0
EVT-0000585,2025-07-07,ACCT-51874,free,api,2025-05-01,85,128.1,2,0
EVT-0000586,2025-09-26,ACCT-91214,business,export,2024-03-01,40,154.9,0,0
EVT-0000587,2025-02-09,ACCT-69696,free,api,2025-06-01,60,204.2,1,0
EVT-0000588,2026-02-14,ACCT-68332,enterprise,api,2025-03-01,41,47.8,4,0
EVT-0000589,2025-01-26,ACCT-45501,enterprise,alerts,2024-06-01,7,27.2,0,0
EVT-0000590,2025-03-14,ACCT-37392,business,export,2024-07-01,38,64.3,2,0
EVT-0000591,2025-01-22,ACCT-90947,free,forecast,2024-10-01,23,48.1,4,0
EVT-0000592,2025-04-24,ACCT-59750,business,forecast,2024-10-01,44,104.2,0,0
EVT-0000593,2025-12-26,ACCT-22176,business,forecast,2025-06-01,96,85.9,0,0
EVT-0000594,2025-12-18,ACCT-47584,team,forecast,2024-02-01,13,28.1,1,0
EVT-0000595,2025-09-22,ACCT-58124,team,export,2024-08-01,28,94.9,0,0
EVT-0000596,2025-10-13,ACCT-88306,team,dashboard,2024-07-01,93,336.5,4,0
EVT-0000597,2026-01-20,ACCT-17984,business,api,2024-05-01,64,72.7,1,0
EVT-0000598,2026-01-23,ACCT-81968,business,export,2024-04-01,3,2.6,0,0
EVT-0000599,2025-04-03,ACCT-83939,enterprise,forecast,2025-01-01,0,0,0,0
EVT-0000600,2025-05-06,ACCT-81226,business,alerts,2024-04-01,3,11.1,0,0
EVT-0000601,2026-01-29,ACCT-49250,business,automation,2024-08-01,0,0,1,0
EVT-0000602,2026-02-17,ACCT-67922,enterprise,api,2024-09-01,111,425.7,5,0
EVT-0000603,2025-01-24,ACCT-96794,team,forecast,2024-07-01,21,28.0,0,0
EVT-0000604,2025-06-01,ACCT-64970,team,forecast,2024-09-01,123,363.3,2,0
EVT-0000605,2025-09-08,ACCT-90260,team,export,2025-04-01,0,0,4,0
EVT-0000606,2025-04-19,ACCT-41077,business,automation,2024-05-01,125,210.5,0,0
EVT-0000607,2026-01-04,ACCT-72108,free,export,2025-05-01,10,10.1,5,0
EVT-0000608,2026-02-08,ACCT-34824,free,dashboard,2025-02-01,73,111.6,1,1
EVT-0000609,2025-02-23,ACCT-28389,free,export,2024-12-01,6,20.2,0,1
EVT-0000610,2025-08-12,ACCT-50830,enterprise,forecast,2024-04-01,0,0,5,0
EVT-0000611,2025-06-21,ACCT-72736,business,export,2024-04-01,0,0,0,0
EVT-0000612,2025-12-22,ACCT-19151,free,export,2024-11-01,37,98.5,2,0
EVT-0000613,2025-01-13,ACCT-55892,enterprise,api,2024-01-01,82,195.8,1,1
EVT-0000614,2025-04-13,ACCT-77655,free,automation,2025-01-01,121,109.9,4,0
EVT-0000615,2026-01-22,ACCT-74588,enterprise,forecast,2024-05-01,62,211.4,4,0
EVT-0000616,2025-12-04,ACCT-27617,free,automation,2024-03-01,42,30.2,2,0
EVT-0000617,2025-03-21,ACCT-89203,business,dashboard,2024-03-01,38,128.1,0,1
EVT-0000618,2025-01-21,ACCT-29042,enterprise,forecast,2025-04-01,70,270.8,3,1
EVT-0000619,2025-10-15,ACCT-69977,business,automation,2025-05-01,0,0,5,0
EVT-0000620,2025-03-05,ACCT-29019,team,dashboard,2024-01-01,35,128.8,3,0
EVT-0000621,2025-02-19,ACCT-90718,enterprise,automation,2024-12-01,39,120.0,0,0
EVT-0000622,2025-10-08,ACCT-89882,free,automation,2024-09-01,95,346.0,3,0
EVT-0000623,2025-09-22,ACCT-53753,free,api,2025-04-01,58,198.2,3,0
EVT-0000624,2025-10-28,ACCT-69664,free,alerts,2024-05-01,29,54.5,3,0
EVT-0000625,2026-01-16,ACCT-18695,team,dashboard,2024-10-01,69,189.2,1,0
EVT-0000626,2025-09-19,ACCT-61739,business,automation,2024-09-01,127,260.6,1,0
EVT-0000627,2025-04-28,ACCT-47365,team,alerts,2025-02-01,0,0,1,0
EVT-0000628,2026-01-26,ACCT-61861,team,alerts,2024-04-01,34,75.3,0,0
EVT-0000629,2026-02-04,ACCT-79646,business,export,2025-06-01,28,77.2,0,0
EVT-0000630,2025-08-08,ACCT-98553,free,forecast,2024-04-01,0,0,1,0
EVT-0000631,2025-04-17,ACCT-19517,business,forecast,2025-05-01,91,133.2,0,0
EVT-0000632,2025-06-15,ACCT-25866,business,forecast,2025-01-01,33,108.5,2,0
EVT-0000633,2025-11-20,ACCT-41890,free,api,2025-02-01,27,94.5,2,0
EVT-0000634,2025-12-08,ACCT-56740,free,api,2024-06-01,19,56.9,1,0
EVT-0000635,2025-04-24,ACCT-38258,enterprise,dashboard,2024-01-01,6,19.6,0,0
EVT-0000636,2025-02-10,ACCT-43400,business,alerts,2024-06-01,1,0,4,0
EVT-0000637,2025-09-23,ACCT-20494,enterprise,alerts,2024-12-01,7,24.7,0,0
EVT-0000638,2025-10-15,ACCT-79603,enterprise,dashboard,2025-03-01,32,112.8,1,0
EVT-0000639,2025-07-19,ACCT-87669,business,alerts,2024-02-01,79,235.8,3,0
EVT-0000640,2025-12-15,ACCT-88523,business,alerts,2024-01-01,67,233.3,0,1
EVT-0000641,2025-04-25,ACCT-54057,team,api,2024-04-01,1,4.0,0,0
EVT-0000642,2025-12-20,ACCT-44981,business,forecast,2024-08-01,21,70.6,0,0
EVT-0000643,2025-03-24,ACCT-82021,business,dashboard,2024-08-01,68,100.8,3,0
EVT-0000644,2025-05-22,ACCT-73573,enterprise,export,2024-06-01,95,204.1,3,0
EVT-0000645,2026-02-01,ACCT-82918,team,dashboard,2025-02-01,41,53.8,1,1
EVT-0000646,2025-05-19,ACCT-35949,business,forecast,2024-06-01,64,112.9,6,0
EVT-0000647,2025-03-01,ACCT-95442,enterprise,dashboard,2024-03-01,8,9.4,0,0
EVT-0000648,2025-09-09,ACCT-64333,business,alerts,2024-01-01,31,33.9,0,0
EVT-0000649,2025-09-28,ACCT-72977,free,api,2024-12-01,69,266.9,8,0
EVT-0000650,2025-02-09,ACCT-68503,enterprise,forecast,2024-04-01,65,200.2,2,0
EVT-0000651,2025-10-12,ACCT-97112,business,automation,2024-03-01,93,223.0,0,0
EVT-0000652,2025-04-23,ACCT-27051,enterprise,export,2025-01-01,0,0,1,0
EVT-0000653,2025-04-05,ACCT-72255,team,automation,2024-11-01,0,0,6,0
EVT-0000654,2025-04-24,ACCT-37427,team,automation,2024-01-01,0,0,0,0
EVT-0000655,2025-03-15,ACCT-52061,enterprise,api,2024-05-01,73,264.4,2,0
EVT-0000656,2025-07-02,ACCT-86362,team,export,2024-02-01,45,112.1,3,0
EVT-0000657,2025-03-21,ACCT-83835,business,api,2024-09-01,68,198.6,0,0
EVT-0000658,2025-09-11,ACCT-65609,enterprise,api,2024-07-01,105,170.5,4,0
EVT-0000659,2026-01-13,ACCT-32568,enterprise,automation,2024-10-01,50,194.4,2,0
EVT-0000660,2025-11-06,ACCT-17958,free,forecast,2024-04-01,81,146.7,1,0
EVT-0000661,2025-10-15,ACCT-31496,business,automation,2025-03-01,92,206.4,0,0
EVT-0000662,2025-04-25,ACCT-35808,team,alerts,2024-04-01,71,238.8,2,0
EVT-0000663,2025-01-20,ACCT-95758,enterprise,alerts,2024-07-01,77,301.8,0,0
EVT-0000664,2026-01-12,ACCT-68156,team,export,2024-07-01,65,81.6,0,0
EVT-0000665,2025-04-28,ACCT-43221,free,forecast,2025-05-01,70,65.6,2,0
EVT-0000666,2025-02-26,ACCT-87885,free,alerts,2024-11-01,17,18.2,5,0
EVT-0000667,2025-02-22,ACCT-22558,enterprise,export,2025-01-01,76,231.6,2,0
EVT-0000668,2025-12-28,ACCT-55077,team,api,2024-04-01,64,132.4,2,1
EVT-0000669,2025-06-27,ACCT-11809,team,dashboard,2025-04-01,100,273.7,2,0
EVT-0000670,2025-09-16,ACCT-68236,enterprise,dashboard,2024-08-01,37,154.3,0,0
EVT-0000671,2025-06-29,ACCT-51260,free,export,2025-05-01,38,153.2,3,0
EVT-0000672,2025-12-25,ACCT-61500,free,forecast,2025-02-01,61,98.7,3,0
EVT-0000673,2025-12-13,ACCT-26069,enterprise,automation,2025-01-01,55,183.8,5,0
EVT-0000674,2025-09-11,ACCT-88506,business,api,2025-03-01,72,223.3,4,0
EVT-0000675,2025-01-26,ACCT-97742,free,automation,2025-05-01,122,202.3,4,0
EVT-0000676,2025-11-30,ACCT-87628,enterprise,automation,2024-04-01,32,65.8,0,0
EVT-0000677,2025-06-06,ACCT-99242,team,dashboard,2024-11-01,13,45.9,4,0
EVT-0000678,2025-09-20,ACCT-87656,team,export,2025-06-01,0,0,1,0
EVT-0000679,2025-10-30,ACCT-67489,business,export,2024-04-01,99,353.9,1,0
EVT-0000680,2025-04-10,ACCT-25847,enterprise,alerts,2024-12-01,32,68.2,1,0
EVT-0000681,2025-08-10,ACCT-42667,enterprise,automation,2024-07-01,106,218.4,0,0
EVT-0000682,2025-06-26,ACCT-97050,business,api,2025-03-01,0,0,3,0
EVT-0000683,2025-03-29,ACCT-42962,team,alerts,2024-08-01,75,198.7,3,0
EVT-0000684,2025-09-21,ACCT-50112,business,automation,2024-09-01,110,147.8,0,0
EVT-0000685,2025-08-30,ACCT-38753,business,automation,2024-07-01,79,195.3,0,0
EVT-0000686,2025-01-23,ACCT-34345,free,export,2024-06-01,10,33.3,0,0
EVT-0000687,2026-01-20,ACCT-12899,free,forecast,2024-04-01,90,285.7,4,0
EVT-0000688,2025-09-16,ACCT-54223,team,export,2025-01-01,65,188.9,1,0
EVT-0000689,2026-01-24,ACCT-38554,enterprise,forecast,2024-03-01,32,110.4,1,0
EVT-0000690,2025-08-31,ACCT-55222,enterprise,alerts,2025-05-01,0,0,3,0
EVT-0000691,2025-11-08,ACCT-65941,free,forecast,2024-03-01,48,41.6,0,1
EVT-0000692,2025-08-28,ACCT-40699,free,forecast,2024-08-01,35,46.9,0,0
EVT-0000693,2026-02-05,ACCT-11849,business,dashboard,2025-03-01,86,108.4,0,0
EVT-0000694,2025-04-25,ACCT-87452,free,export,2025-01-01,36,132.2,1,0
EVT-0000695,2025-09-01,ACCT-55974,business,alerts,2024-12-01,68,182.5,1,0
EVT-0000696,2026-01-05,ACCT-46849,business,forecast,2024-02-01,54,208.7,0,0
EVT-0000697,2025-09-01,ACCT-93049,enterprise,api,2025-03-01,0,0,0,0
EVT-0000698,2025-03-29,ACCT-47505,free,dashboard,2024-07-01,8,16.5,0,0
EVT-0000699,2025-09-28,ACCT-55229,free,dashboard,2025-06-01,4,6.5,1,1
EVT-0000700,2025-05-05,ACCT-33402,team,api,2024-06-01,15,34.6,4,0
EVT-0000701,2025-05-07,ACCT-17895,business,export,2024-11-01,0,0,1,0
EVT-0000702,2025-09-29,ACCT-53524,business,forecast,2024-06-01,51,83.7,2,0
EVT-0000703,2025-05-07,ACCT-41051,team,forecast,2024-11-01,75,80.3,0,0
EVT-0000704,2025-01-23,ACCT-19218,business,forecast,2024-07-01,54,208.2,0,0
EVT-0000705,2025-08-26,ACCT-31469,enterprise,dashboard,2024-05-01,65,169.1,0,0
EVT-0000706,2025-04-08,ACCT-78606,business,alerts,2025-06-01,10,12.7,1,0
EVT-0000707,2025-09-19,ACCT-68581,team,export,2024-09-01,47,40.2,2,0
EVT-0000708,2025-11-16,ACCT-36614,team,api,2024-06-01,79,217.3,5,0
EVT-0000709,2025-04-10,ACCT-50522,free,alerts,2024-09-01,38,119.0,1,0
EVT-0000710,2025-12-31,ACCT-64064,free,dashboard,2025-05-01,27,100.3,0,0
EVT-0000711,2025-08-19,ACCT-88467,business,automation,2024-06-01,26,100.1,2,0
EVT-0000712,2025-06-15,ACCT-31474,enterprise,dashboard,2024-07-01,21,61.4,4,0
EVT-0000713,2026-01-27,ACCT-66747,team,forecast,2025-02-01,37,150.5,0,0
EVT-0000714,2025-01-23,ACCT-13196,enterprise,export,2025-05-01,67,124.2,0,0
EVT-0000715,2025-12-12,ACCT-72473,business,forecast,2024-03-01,69,224.7,0,0
EVT-0000716,2025-09-30,ACCT-75678,enterprise,forecast,2024-06-01,8,10.7,4,0
EVT-0000717,2025-01-16,ACCT-59028,business,export,2024-09-01,48,118.7,3,0
EVT-0000718,2025-08-20,ACCT-15825,business,export,2024-05-01,50,136.9,0,0
EVT-0000719,2025-08-26,ACCT-33668,team,export,2024-06-01,23,77.4,0,0
EVT-0000720,2026-02-21,ACCT-55625,team,automation,2024-09-01,78,112.4,0,0
EVT-0000721,2025-06-26,ACCT-69649,team,alerts,2025-01-01,20,73.4,0,0
EVT-0000722,2025-06-27,ACCT-50965,enterprise,automation,2024-11-01,60,50.2,5,0
EVT-0000723,2025-11-22,ACCT-29703,team,export,2024-03-01,47,96.6,0,1
EVT-0000724,2025-05-01,ACCT-24041,team,api,2024-02-01,74,115.7,2,0
EVT-0000725,2025-02-22,ACCT-83703,free,dashboard,2024-07-01,30,111.6,0,0
EVT-0000726,2025-08-22,ACCT-49887,team,dashboard,2025-05-01,23,77.7,0,0
EVT-0000727,2025-03-19,ACCT-80478,business,automation,2025-01-01,25,31.5,2,0
EVT-0000728,2025-05-10,ACCT-43510,business,api,2024-04-01,54,44.0,3,0
EVT-0000729,2025-10-15,ACCT-84713,enterprise,export,2025-02-01,51,189.5,4,0
EVT-0000730,2026-02-12,ACCT-95915,enterprise,api,2024-02-01,0,0,0,0
EVT-0000731,2026-02-03,ACCT-71306,enterprise,api,2025-02-01,100,109.7,2,0
EVT-0000732,2025-09-26,ACCT-45159,team,dashboard,2024-08-01,59,65.1,2,0
EVT-0000733,2026-01-05,ACCT-78412,free,api,2024-11-01,61,143.9,0,0
EVT-0000734,2025-07-11,ACCT-35061,business,forecast,2025-05-01,45,136.0,10,0
EVT-0000735,2025-07-14,ACCT-49744,free,export,2024-09-01,21,20.1,1,0
EVT-0000736,2025-09-18,ACCT-44885,business,automation,2025-02-01,64,137.8,2,0
EVT-0000737,2025-07-15,ACCT-14784,team,export,2024-12-01,64,200.9,2,0
EVT-0000738,2025-08-26,ACCT-44432,enterprise,automation,2024-07-01,72,173.9,5,0
EVT-0000739,2025-03-28,ACCT-53972,free,automation,2025-04-01,44,108.4,4,0
EVT-0000740,2025-10-19,ACCT-77786,free,forecast,2024-05-01,17,21.8,0,0
EVT-0000741,2025-07-09,ACCT-15501,free,forecast,2024-08-01,54,146.3,0,0
EVT-0000742,2025-06-16,ACCT-16129,team,export,2024-12-01,59,135.8,0,0
EVT-0000743,2025-05-31,ACCT-93688,enterprise,alerts,2024-06-01,15,29.2,0,0
EVT-0000744,2025-02-12,ACCT-32816,free,forecast,2024-08-01,0,0,1,1
EVT-0000745,2026-02-05,ACCT-18616,enterprise,forecast,2025-02-01,65,98.4,0,0
EVT-0000746,2025-08-14,ACCT-38504,enterprise,dashboard,2024-09-01,55,96.2,2,0
EVT-0000747,2025-04-08,ACCT-71303,enterprise,dashboard,2025-01-01,84,143.1,4,0
EVT-0000748,2025-04-13,ACCT-79632,team,dashboard,2024-03-01,70,92.3,2,1
EVT-0000749,2025-11-02,ACCT-98738,free,export,2024-04-01,50,168.3,1,0
EVT-0000750,2025-11-03,ACCT-39880,team,forecast,2025-04-01,59,194.0,0,0
